precision,recall,pr_auc,f1
0.008889119485540877,0.9515465636876995,0.171498333981086,0.058639880548391476
