fold,precision,recall,pr_auc,f1,best_threshold,accuracy,confusion_matrix,true_positives,false_positives,true_negatives,false_negatives
1,0.011013017252640964,0.9488228978950194,0.5876155000335344,0.6844444444444444,128193490000.0,0.99875355500158,"[[56814    49]
 [   22    77]]",77,49,56814,22
2,0.010696207886208243,0.9290352305427682,0.5978457160676599,0.6556016597510373,5948335600.0,0.9985428882412837,"[[56800    63]
 [   20    79]]",79,63,56800,20
3,0.010302854252255902,0.9317957419774879,0.49359415861982514,0.6260869565217392,881971900000.0,0.998490195045733,"[[56803    60]
 [   26    72]]",72,60,56803,26
4,0.010809461250359137,0.9378402540970352,0.70379241614978,0.7336683417085427,50527326000.0,0.9990695388072541,"[[56835    28]
 [   25    73]]",73,28,56835,25
5,0.009518799471704637,0.8913163747552465,0.4084211788427789,0.518796992481203,1192289700.0,0.9977528484401608,"[[56764    99]
 [   29    69]]",69,99,56764,29
