fold,precision,recall,pr_auc,f1,best_threshold,accuracy,confusion_matrix,true_positives,false_positives,true_negatives,false_negatives
1,0.01068290607103908,0.9564330451765933,0.5085460146707531,0.6213921901528013,716153400.0,0.998434032751889,"[[141998    160]
 [    63    183]]",183,160,141998,63
2,0.010730990169105923,0.9437348091912324,0.6152307185866828,0.6764705882352942,484395650.0,0.9987640709816507,"[[142043    114]
 [    62    184]]",184,114,142043,62
