PR AUC, F1 Score, Precision, Recall
0.7585644125680071, 0.6409171180236974, 0.6928169843134715, 0.6128272701372153
