PR AUC, F1 Score, Precision, Recall
0.7562732579827645, 0.6394421133502748, 0.6912043578278763, 0.6121894416565012
